<?xml version="1.0" encoding="utf-8"?>
<layer-list xmlns:android="http://schemas.android.com/apk/res/android">

    <item>
        <shape android:shape="rectangle">
            <corners android:radius="25dp"/>
            <solid android:color="#E76B5F" />
        </shape>
    </item>

    <item android:right="0dp">
        <bitmap
            android:src="@drawable/basic_law_bt"
            android:gravity="right|center_vertical"
            android:tileMode="disabled" />
    </item>

</layer-list>